"Reference","Value","Footprint","QUANTITY","DNP"
"C1,C3","1 uF","Capacitor_SMD:C_0603_1608Metric","2",""
"C2","47 uF","Capacitor_SMD:C_1206_3216Metric","1",""
"C4,C5","0.1 uF","Capacitor_SMD:C_0603_1608Metric","2",""
"D1,D2","LED","LED_SMD:LED_0603_1608Metric","2",""
"FB1","FerriteBead","Inductor_SMD:L_0805_2012Metric","1",""
"GPIO1,OR1-OR4,Q1-Q4,U1","","Connector_PinHeader_2.54mm:PinHeader_2x20_P2.54mm_Vertical,HV_Footprints:HVM OR-100,HV_Footprints:SMHV0550,TN0610N3_G_P013_Footprint:TO-92_MC_MCH","10",""
"J3,J4","SHV-R","4912-SHV-R-ND:4912-SHV-R-ND","2",""
"R1,R2","100 M","MHR0317SA107F70:RESRR1524W50L1760T250H500","2",""
"R6,R14,R21,R22","51","Resistor_SMD:R_0603_1608Metric","4",""
"R7,R10,R13,R19,R20,R24","10k","Resistor_SMD:R_0603_1608Metric","6",""
"R8","100k","Resistor_SMD:R_0603_1608Metric","1",""
"R9","5.6k","Resistor_SMD:R_0603_1608Metric","1",""
"R11,R15","470","Resistor_SMD:R_0603_1608Metric","2",""
"R16-R18,R23","100","Resistor_SMD:R_0603_1608Metric","4",""
"R25,R26","1G","MHR0317SA107F70:RESRR1524W50L1760T250H500","2",""
"U2","MCP6001-OT","Package_TO_SOT_SMD:SOT-23-5","1",""
